Source,Lake,nList,nStudy,Latitude,Longitude,Elevation,dD_OIPC_JJA,dD_OIPC_ANN,ANN_CI,OIPC_Year,dD_Lake,Err_Lake,dD_C21,Err_C21,dD_C23,Err_C23,dD_C25,Err_C25,dD_C27,Err_C27,dD_C29,Err_C29,dD_C31,Err_C31,dD_C33,Err_C33
McFarlin et al 2019,STR,1,1,76.67,-67.94,224,-140,-181,1,2018,-168,,-331.6,4.3,-286.5,21.6,-251,12.7,-248.5,6.7,-247.5,6,-218,7.4,,
McFarlin et al 2019,WLL,2,2,76.85,-66.96,517,-144,-187,2,2018,-153,,-279.6,5.6,-272.2,6.1,-272.7,5.3,-273.9,5.1,-264.1,7.1,-203.5,20.8,,
McFarlin et al 2019,NS1,3,3,76.82,-67.05,455,-143,-186,2,2018,-174,,-243,3.8,-262.6,3.9,-230.3,4.5,-244.7,3.7,-234.7,3.8,-236.6,3.8,-211.9,4.4
McFarlin et al 2019,SEC,4,4,76.58,-68.66,248,-140,-181,1,2018,-143,,-280.1,3.7,-273,4.1,-257.8,4,-253.9,3.7,-246.3,3.6,-234.2,3.7,-171.3,3.9
McFarlin et al 2019,USHL ,5,5,67.15,-50.13,340,-122,-147,11,2018,-222,,-258.9,4.9,-252.1,4.1,-237.5,4.5,-246.8,3.7,-256.7,4.1,-252.2,3.8,-234.6,4.3
McFarlin et al 2019,SHL,6,6,67.15,-50.13,335,-122,-146,11,2018,-222,1,-250.3,4.2,-250.7,3.6,-251.2,3.6,-239.4,5,-250.7,3.6,-250,3.9,-230.3,6.2
McFarlin et al 2019,RTL1,7,7,67.15,-50.08,443,-123,-148,11,2018,-118,,-259.5,9.9,-224.9,4.6,-224.7,3.6,-229.7,3.7,-239.5,3.7,-246.4,3.7,-229.7,3.9
McFarlin et al 2019,RTL2,8,8,67.14,-50.08,449,-123,-148,11,2018,-103,4,-245.7,17.6,-229.9,5.1,-232.8,3.9,-231.7,16.4,-224.3,6.1,-241.5,7,-257.4,4.4
McFarlin et al 2019,RTL3,9,9,67.06,-50.45,170,-118,-140,13,2018,-97,,-189.9,6,-214.2,3.7,-226.4,3.6,-226,3.6,-232.4,6.4,-214,3.8,,
McFarlin et al 2019,RTL4,10,10,67.01,-50.67,112,-116,-137,13,2018,-114,,-270.1,3.6,-261.8,3.6,-252.9,4.2,-255.5,4,-254.9,3.8,-241.2,3.6,-185.2,9.7
McFarlin et al 2019,RTL5,11,11,66.98,-50.92,65,-113,-135,14,2018,-91,10,-241.3,3.7,-241.3,3.6,-233.9,3.7,-249.7,4.2,-250.6,3.7,-244,4,-207.1,4.1
McFarlin et al 2019,LSL,12,12,67.05,-50.52,124,-116,-139,13,2018,-89,10,,,-232.8,5.4,-222.5,10.1,-235.7,4.2,-236.6,5.5,-223.5,4.2,,
McFarlin et al 2019,LHN,13,13,66.98,-50.93,122,-113,-136,14,2018,-93,3,,,,,,,,,,,,,,
McFarlin et al 2019,T1,14,14,63.76,-51.36,75,-93,-107,7,2018,-97,,-193.7,4.6,-209.5,3.6,-211.5,4.8,-200.6,5.2,-203.4,3.8,-204.1,3.6,-192.2,4.4
McFarlin et al 2019,T2,15,15,63.76,-51.37,57,-93,-106,7,2018,-97,,-222.9,4.8,-230.5,4.5,-218.1,3.8,-215.2,4.5,-218.3,3.8,-218.3,4,-209.8,5.1
McFarlin et al 2019,T3,16,16,63.75,-51.35,30,-93,-106,7,2018,-115,,,,-191,4.6,-200.6,3.7,-206.7,4.6,-215.5,3.9,-213.3,3.9,-179.8,4
McFarlin et al 2019,PLK,17,17,63.8,-51.19,76,-93,-107,7,2018,-116,,-159.7,3.9,-188.5,3.6,-191.9,6.2,-194.8,3.7,-206.1,3.6,-211.1,4,-171.6,3.6
McFarlin et al 2019,PIN,18,18,60.7,-45.1,480,-85,-96,2,2018,-98,,-170.7,4.4,-190.7,5,-190.1,5,-201.4,4.4,-215.7,5.5,-215.1,4.5,-196.4,14.6
McFarlin et al 2019,SCP,19,19,60.7,-45.42,475,-85,-96,2,2018,-100,,-210.4,3.8,-199.1,6,-204.6,3.8,-202.3,3.6,-210.7,3.9,-212.2,3.6,-200.9,6.2
McFarlin et al 2019,NAR,20,20,60.87,-45.72,766,-88,-101,3,2018,-100,,-183.9,4.6,-205.4,6.7,-215.3,7.6,-210.6,4.8,-209.8,4.2,-208.7,4.6,-180,12.4
McFarlin et al 2019,LNR,21,21,60.87,-45.72,751,-88,-101,3,2018,-100,,-214.9,4.3,-214.2,5.6,-201.6,4.7,-197.4,8.1,-202.8,5.8,-206.4,4.1,-177.5,5.9
McFarlin et al 2019,TUP,22,22,60.38,-44.3,145,-85,-89,2,2018,-121,,,,-183.9,4.6,-181.2,10.9,-191.7,3.9,-215,3.8,-210.7,3.7,-183.8,3.9
Sachse et al 2004,NAI,23,1,68.85,21.18,463,-80,-115,2,2018,-94.9,0.6,,,,,,,-209,6,-221,2,,,,
Sachse et al 2004,KEI,24,2,68.67,21.52,428,-79.3,-114,2,2018,-96.6,0.6,-245,4,-234,2,-234,4,-229,5,-230,5,-230,4,,
Sachse et al 2004,SOD003,25,3,67.38,26.85,178,-68.3,-98,1,2018,-103.7,0.2,,,-235,7,,,-210,11,-215,9,,,,
Sachse et al 2004,SOD007,26,4,67.36,27.17,293,-69,-99,1,2018,,,,,-268,5,,,-220,3,-227,5,,,,
Sachse et al 2004,HYY,27,5,61.85,24.28,149,-60.7,-89,1,2018,-81.1,0.6,-244,8,-218,2,-206,3,-202,1,-205,4,-209,3,,
Sachse et al 2004,SYR,28,6,61.19,25.14,156,-59.3,-88,1,2018,-86.5,0.3,,,-207,1,-202,1,,,-207,2,,,,
Sachse et al 2004,LAM,29,7,61.06,25.1,151,-59.3,-88,1,2018,-73.7,0,,,-272,12,-205,4,-213,6,-205,4,,,,
Sachse et al 2004,SOR,30,8,55.55,11.7,30,-40,-65,1,2018,-46.4,0.7,-213,2,,,-193,1,,,-201,2,-208,0,,
Sachse et al 2004,HZM,31,9,50.12,6.88,436,-27,-56,2,2018,-47.1,0.6,,,-225,6,-180,8,-184,10,-198,1,-198,5,,
Sachse et al 2004,MAS,32,10,43.83,10.31,18,-8.7,-36,2,2018,-6.3,0.6,-235,6,,,,,-129,17,-159,7,,,,
Sachse et al 2004,MEZ,33,11,42.61,11.77,466,-11,-41,1,2018,-3.5,0.6,,,-164,11,-153,13,-163,4,-167,3,,,,
Sachse et al 2004,LGM,34,12,40.93,15.6,674,-15.3,-48,1,2018,-13.5,0.2,-194,5,,,,,,,-180,3,-185,16,,
Sachse et al 2004,LPM,35,13,40.93,15.61,685,-15.7,-48,1,2018,-32.6,0.6,-180,5,,,-168,5,-177,2,-169,2,,,,
Daniels et al 2017,UCL,36,1,68.63,-149.41,806,-120,-151,7,2018,,,,,,,,,,,,,,,,
Daniels et al 2017,E5,37,2,68.64,-149.46,800,-119,-151,7,2018,,,,,,,,,-258,,-261,,,,,
Daniels et al 2017,E6,38,3,68.64,-149.44,794,-119,-151,6,2018,,,,,,,,,-269,,-266,,-258,,,
Daniels et al 2017,E1,39,4,68.63,-149.55,777,-119,-150,6,2018,,,,,,,,,-259,,-259,,-257,,,
Daniels et al 2017,I6HW,40,5,68.58,-149.62,808,-119.5,-151,6,2018,,,,,,,,,-260,,-263,,-268,,,
Daniels et al 2017,FOG1,41,6,68.68,-149.08,773,-119.5,-151,6,2018,,,,,,,,,-255,,-257,,-267,,,
Daniels et al 2017,FOG2,42,7,68.68,-149.09,776,-119.75,-151,6,2018,,,,,,,,,-257,,-259,,-258,,,
Daniels et al 2017,FOG4,43,8,68.68,-149.07,760,-119,-151,6,2018,,,,,,,,,-266,,-264,,-271,,,
Daniels et al 2017,GALBRAITH,44,9,68.46,-149.42,800,-121.25,-153,6,2018,,,,,,,,,,,,,,,,
Daniels et al 2017,I1,45,10,68.57,-149.59,792.5,-119.5,-151,6,2018,,,,,,,,,-261,,-260,,-271,,,
Daniels et al 2017,I2,46,11,68.57,-149.57,792,-119.5,-151,6,2018,,,,,,,,,,,,,,,,
Daniels et al 2017,I3,47,12,68.58,-149.58,778,-119.25,-151,6,2018,,,,,,,,,-270,,-265,,-278,,,
Daniels et al 2017,I4,48,13,68.58,-149.58,778,-119,-151,6,2018,,,,,,,,,-266,,-264,,-278,,,
Daniels et al 2017,I5,49,14,68.59,-149.59,778,-119,-151,6,2018,,,,,,,,,-271,,-268,,-275,,,
Daniels et al 2017,I6,50,15,68.6,-149.59,800,-119,-151,6,2018,,,,,,,,,-270,,-265,,-270,,,
Daniels et al 2017,I7,51,16,68.6,-149.59,748,-118.75,-150,6,2018,,,,,,,,,-271,,-269,,-277,,,
Daniels et al 2017,I8,52,17,68.61,-149.58,748,-118.75,-150,6,2018,,,,,,,,,-265,,-260,,-275,,,
Daniels et al 2017,ISWAMP,53,18,68.61,-149.6,741,-118.75,-150,6,2018,,,,,,,,,-282,,-273,,-268,,,
Daniels et al 2017,N1,54,19,68.64,-149.6,730,-118,-149,6,2018,,,,,,,,,-256,,-255,,-256,,,
Daniels et al 2017,N2,55,20,68.64,-149.62,732,-118,-149,6,2018,,,,,,,,,-251,,-253,,-262,,,
Daniels et al 2017,S11,56,21,68.63,-149.65,749,-118,-150,6,2018,,,,,,,,,,,,,,,,
Daniels et al 2017,S6,57,22,68.63,-149.64,736,-118,-150,6,2018,,,,,,,,,-259,,-261,,,,,
Daniels et al 2017,S7,58,23,68.63,-149.64,742,-118,-150,6,2018,,,,,,,,,-270,,-261,,-257,,,
Daniels et al 2017,TLK,59,24,68.63,-149.6,720,-118,-149,6,2018,,,,,,,,,,,,,,,,
Polissar and Freeman 2010,Laguna Potosi,60,1,19.64,-65.7,4640,-113.7,-112,4,2018,-59,5,,,-188.2,1.4,,,-184,0.1,-205.6,11.4,-200,2.6,,
Polissar and Freeman 2010,Lago Taypi Chaka Kkota,61,2,16.2,-68.35,4300,-116.3,-105,5,2018,-113.5,5,,,-206.3,,,,-215.3,,-224.6,,-232.3,,,
Polissar and Freeman 2010,Laguna Arenales Alta,62,3,8.73,-71.19,4005,-77.3,-93,12,2018,-70,5,,,-172.5,,,,-189.5,3.4,-185.9,3.7,-196.5,3.7,,
Polissar and Freeman 2010,Laguna Grande de los Patos,63,4,8.81,-70.95,4189.8,-77.7,-95,14,2018,-34.1,10,,,-145,,,,-172.2,,-190.5,,-193.8,,,
Polissar and Freeman 2010,Laguna La Cura,64,5,8.81,-70.95,4230.1,-77.7,-95,14,2018,-62,5,,,,,,,-186.3,,-187.2,,-190.1,,,
Polissar and Freeman 2010,Laguna Verdes Baja,65,6,8.86,-70.87,4169.8,-76.7,-94,14,2018,-39.9,12.9,,,,,,,-171,,-184.3,3.5,-187.4,3.9,,
Polissar and Freeman 2010,Laguna Verdes Medio,66,7,8.86,-70.87,4191.7,-77,-94,14,2018,-37.4,9.3,,,,,,,,,-180.1,,,,,
Polissar and Freeman 2010,Laguna Victoria,67,8,8.81,-70.8,3210.9,-66.7,-78,10,2018,-75.2,5,,,,,,,-191,1.2,-191.1,1.6,-197.9,,,
Polissar and Freeman 2010,Laguna Negra,68,9,8.79,-70.81,3459.9,-69.3,-82,11,2018,-73.8,4.2,,,,,,,-182.4,1.7,-177.5,3.3,-191.8,2.1,,
Polissar and Freeman 2010,Laguna Mucubaji,69,10,8.8,-70.83,3570.2,-70.3,-84,11,2018,-71.6,4.2,,,,,,,,,-192.3,2.2,-196.4,2.3,,
Polissar and Freeman 2010,Laguna Michurao Alto,70,11,8.73,-70.86,3738,-72.7,-87,12,2018,-66.3,5,,,,,,,,,-187.6,,-196,,,
Polissar and Freeman 2010,Laguna Misteque,71,12,8.72,-70.88,3803.8,-73.3,-88,12,2018,-64.4,10,,,,,,,-193.1,,-195.8,,-198.4,,,
Polissar and Freeman 2010,"Laguna Royal ""D""",72,13,8.73,-70.87,3763.7,-73,-87,12,2018,-72.3,5,,,-211.8,,,,-201.7,,-199.2,,-197.7,,,
Polissar and Freeman 2010,"Laguna Royal ""C""",73,14,8.72,-70.87,3830.2,-73.7,-88,12,2018,-66,5,,,,,,,,,-194,,-201.4,,,
Polissar and Freeman 2010,Laguna de La Pata,74,15,8.65,-70.93,3980.2,-75.3,-91,13,2018,-55.1,10,,,,,,,,,-188.5,,-201.6,,,
Polissar and Freeman 2010,Laguna Los Lirios,75,16,8.31,-71.83,2305.1,-62.7,-67,5,2018,-22.6,7.5,,,-123.6,1.5,,,-156.4,2,-164.3,1.2,-173.7,0.8,,
Polissar and Freeman 2010,Laguna Zapatera,76,17,11.77,-85.85,32,-33.3,-32,2,2018,-8,5,,,,,,,-157.9,,-159.2,,-163.6,,,
Polissar and Freeman 2010,Berdeen Lake,77,18,48.71,-121.47,1560.576,-72.7,-105,6,2018,-107,5,,,,,,,-205.7,,-200.4,3.7,-199.7,3.2,,
Polissar and Freeman 2010,Rainy Lake,78,19,48.5,-120.74,1460,-73.7,-111,5,2018,-125,5,,,-210,,,,,,-209.7,,,,,
Polissar and Freeman 2010,Waddell Lake,79,20,48.44,-120.82,1499.616,-73.3,-109,5,2018,-128,5,,,-214.9,3.1,,,-225.7,2.2,-216.2,2.8,-208.4,3.1,,
Polissar and Freeman 2010,Owens Lake,80,21,36.49,-117.89,1147,-43,-85,4,2018,-97,5,,,,,,,-183.7,,-191.2,,,,,
Polissar and Freeman 2010,Lake Crowley,81,22,37.58,-118.74,2058,-52.7,-103,2,2018,,,,,-225.4,3.2,,,-241.4,2,-238,3,-225.1,2.1,,
Polissar and Freeman 2010,Mono Lake,82,23,37.94,-119.03,1899,-51,-99,2,2018,,,,,-172.5,1.4,,,-194.8,1.7,-194,0.9,,,,
Polissar and Freeman 2010,Blue (Eagle) Lake,83,24,39.75,-106.76,2536,-45,-98,1,2018,-117,5.3,,,-243.8,2,,,-234.8,3,-207.3,1.4,-209.2,4.5,,
Polissar and Freeman 2010,S. Grizzly Lake,84,25,39.69,-107.33,3239,-53.7,-111,4,2018,-101.4,4.4,,,-219.5,2.5,,,-222.3,0.9,-205.4,4.5,-204.1,0.7,,
Polissar and Freeman 2010,Bison Lake,85,26,39.76,-107.35,3276,-54.7,-112,4,2018,-108,6.9,,,-213.9,4.9,,,-213.2,1.4,-205.2,2.6,-203.8,5.1,,
Polissar and Freeman 2010,Emerald Lake,86,27,39.07,-111.5,3093,-67.3,-120,5,2018,-96.2,2.7,,,-207.9,2.3,,,-212.1,0.3,-204.3,1.8,-200.1,,,
Polissar and Freeman 2010,Bear Meadows,87,28,40.73,-77.76,552,-27,-65,2,2018,-69,5,,,,,,,,,-191.3,,,,,
Douglas et al 2012,Dzitya,88,1,21.07,-89.69,5,-14,-18,4,2018,-27.5,,,,,,,,,,-128.5,1,-132.8,1,-146.5,1
Douglas et al 2012,Xoche [e],89,2,20.66,-89.37,16,-15,-18,5,2018,-28.5,,,,,,,,,,-153,1,-150.5,1,-153.6,1
Douglas et al 2012,Yaalchak [e],90,3,20.6,-89.71,6,-16,-20,7,2018,-27.5,,,,,,,,,,-142.9,1,-165.6,1,-189.6,1
Douglas et al 2012,Canana,91,4,20.49,-89.17,13,-15.7,-18,5,2018,-28.7,,,,,,,,,,-137.7,1,-137.8,1,-144.1,3
Douglas et al 2012,Chumayel,92,5,20.49,-89.19,13,-15.7,-18,6,2018,-29.4,,,,,,,,,,-110.7,1,-110.1,1,-114.2,1
Douglas et al 2012,Ticul,93,6,20.35,-89.5,10,-16.7,-20,8,2018,-29,,,,,,,,,,-143,1,-145.4,1,-151.5,1
Douglas et al 2012,Cepeda Peraza,94,7,20.16,-89.24,50,-17.7,-21,8,2018,-28.6,,,,,,,,,,-136.7,1,-141.5,1,-144.6,1
Douglas et al 2012,Hobonil,95,8,20,-89.03,44,-17.7,-21,8,2018,-28,,,,,,,,,,-126.5,1,-133.3,1,-151.2,1
Douglas et al 2012,Chichancanab,96,9,19.88,-88.77,10,-17.7,-20,8,2018,-30.6,,,,,,,,,,-128.5,2,-135,1,-158.6,3
Douglas et al 2012,La Corona [e],97,10,17.52,-90.37,151,-24.7,-26,8,2018,-31.8,,,,,,,,,,-148,1,-143.9,1,-143,2
Douglas et al 2012,Cuerpo Uno [e],98,11,17.49,-90.39,115,-24,-26,8,2018,-30.4,,,,,,,,,,-147.9,1,-148.5,4,-164,3
Douglas et al 2012,Yaxha,99,12,17.07,-89.41,130,-25,-25,7,2018,-25.9,,,,,,,,,,-142.9,3,-147.7,1,-155.9,2
Douglas et al 2012,Sacpuy,100,13,16.99,-90.05,123,-25,-26,7,2018,-27.7,,,,,,,,,,-144.2,1,-144.6,1,-164,1
Douglas et al 2012,Salpeten,101,14,16.98,-89.68,105,-24.7,-25,7,2018,-26.4,,,,,,,,,,-144,1,-149,2,-169.2,1
Douglas et al 2012,Macanche,102,15,16.97,-89.64,169,-25.7,-26,7,2018,-27.3,,,,,,,,,,-139.2,3,-144.1,3,-153.6,2
Douglas et al 2012,Peten Itza,103,16,16.93,-89.89,109,-25,-25,7,2018,-26.9,,,,,,,,,,-159.5,4,-161.6,1,-173.1,3
Douglas et al 2012,Quexil,104,17,16.92,-89.82,133,-25,-26,6,2018,-26.7,,,,,,,,,,-141.7,1,-142.1,1,-144.8,2
Douglas et al 2012,El Juleque,105,18,16.91,-89.77,158,-25.7,-26,6,2018,-27.2,,,,,,,,,,-137.6,1,-146.4,2,-161.4,3
Douglas et al 2012,Puente Cienega,106,19,15.74,-89.07,75,-26,-25,4,2018,-24.6,,,,,,,,,,-155,2,-153.9,1,-151.9,1
Douglas et al 2012,El Golfete,107,20,15.72,-88.89,0,-25,-24,4,2018,-23.6,,,,,,,,,,-151.1,1,-152.1,1,-163.1,1
Douglas et al 2012,Izabal Centro,108,21,15.52,-89.15,4,-25,-24,4,2018,-26.4,,,,,,,,,,-165.2,,-155.9,,-163.7,
Douglas et al 2012,Izabal Mina,109,22,15.51,-89.36,9,-25.3,-24,4,2018,-29,,,,,,,,,,,,,,,
Douglas et al 2012,Naco,110,23,15.41,-88.14,97,-26.3,-25,4,2018,-24.3,,,,,,,,,,-148.3,1,-146.5,1,-151.6,1
Douglas et al 2012,Izabal Rio Oscuro,111,24,15.38,-89.33,4,-25.3,-25,4,2018,-31.1,,,,,,,,,,-154,1,-152.6,4,-160.8,4
Douglas et al 2012,Ceibita,112,25,15.34,-88.36,188,-27.3,-26,3,2018,-26.9,,,,,,,,,,,,,,,
Douglas et al 2012,La Barca,113,26,15.12,-87.94,56,-25.7,-24,4,2018,-29.4,,,,,,,,,,-155.3,1,-160.1,1,-174.6,1
Douglas et al 2012,La Entrada,114,27,15.1,-88.71,426,-30,-31,2,2018,-34.7,,,,,,,,,,-147.9,2,-163.2,1,-179.2,2
Douglas et al 2012,Pena Blanca,115,28,14.94,-88.03,655,-31.3,-33,1,2018,-49,,,,,,,,,,-160,1,-162.5,1,-177.2,2
Douglas et al 2012,Yojoa,116,29,14.91,-87.97,662,-31.3,-33,1,2018,-48.2,,,,,,,,,,,,,,,
Douglas et al 2012,Rio Blanco,117,30,14.89,-89.03,707,-33,-36,1,2018,-44.5,,,,,,,,,,-160.5,1,-160.6,2,-177.6,1
Douglas et al 2012,Copan,118,31,14.84,-89.15,613,-32.3,-34,1,2018,-48.6,,,,,,,,,,-156.4,1,-155.8,1,-163.7,1
Douglas et al 2012,Taulabe,119,32,14.71,-87.97,557,-30.7,-32,2,2018,-45.8,,,,,,,,,,-152.7,2,-158.2,1,-160.2,1
Douglas et al 2012,Rio Rosario,120,33,14.48,-86.98,891,-34,-36,2,2018,-39.5,,,,,,,,,,-153.7,2,-162,2,-165.1,5
Douglas et al 2012,Comayagua,121,34,14.45,-87.65,563,-31.3,-32,2,2018,-39.2,,,,,,,,,,-166.8,1,-171.6,1,-175.1,1
Douglas et al 2012,Rio Jalan,122,35,14.45,-86.81,765,-32.7,-33,2,2018,-37.8,,,,,,,,,,-157.9,2,-167,2,-182.8,1
Douglas et al 2012,El Chile,123,36,14.35,-86.85,1380,-39,-43,4,2018,-44.9,,,,,,,,,,-158.1,4,-158.6,3,-155.9,5
Douglas et al 2012,Gaungolo,124,37,14.26,-87.24,829,-33.7,-35,1,2018,-39.8,,,,,,,,,,-165.8,1,-168.1,1,-167.1,3
Douglas et al 2012,Santa Lucia,125,38,14.12,-87.09,1405,-40,-43,3,2018,-46.7,,,,,,,,,,-135.1,1,-152.3,1,-167.6,2
Aichner et al 2010,Qai-07,126,1,37.46,95.58,3174,-24,-43,4,2018,,,,,-146,9,-146,6,-151,10,-156,2,-148,4,,
Aichner et al 2010,Qai-06,127,2,37.29,96.89,2812,-15.3,-36,1,2018,,,,,-113,2,-114,5,,,,,,,,
Aichner et al 2010,Qai-02,128,3,37.04,100.58,3205,-37.3,-57,6,2018,,,,,,,,,-135,2,-150,6,-173,2,,
Aichner et al 2010,Donggi,129,4,35.23,98.65,4095,-57.7,-76,5,2018,,,,,-175,,-166,9,-158,13,-162,12,-168,4,,
Aichner et al 2010,MiY 35,130,5,34.74,98.11,4241,-75.3,-95,4,2018,,,,,-158,4,-154,6,,,,,,,,
Aichner et al 2010,MiY 46,131,6,34.68,98.06,4233,-76.7,-97,4,2018,,,,,,,,,,,-169,4,-176,7,,
Aichner et al 2010,CTP 35,132,7,34.16,95.98,4701,-94,-113,5,2018,,,,,-207,1,-207,1,-191,3,-188,5,-188,3,,
Aichner et al 2010,MiY 42,133,8,34.03,97.55,4617,-96.3,-112,5,2018,,,,,-182,1,-185,4,-176,2,-189,13,-186,1,,
Aichner et al 2010,Koucha,134,9,34.02,97.22,4541,-94.7,-111,4,2018,,,,,-176,8,-183,3,-169,2,-180,5,-176,5,,
Aichner et al 2010,MiY 39,135,10,33.99,97.46,4581,-97,-112,4,2018,,,,,-210,2,-210,2,-199,5,-205,4,-212,1,,
Aichner et al 2010,CTP 25,136,11,32.57,91.86,5133,-120.7,-135,5,2018,,,,,-174,5,-176,1,,,,,,,,
Aichner et al 2010,CTP 20,137,12,32.1,89.53,4724,-124,-135,5,2018,,,,,-206,3,-199,4,-187,1,-194,1,-210,1,,
Aichner et al 2010,LC 06,138,13,29.83,94.46,4132,-122,-127,4,2018,,,,,-245,1,-244,2,-237,2,-232,0,-228,1,,
Aichner et al 2010,LC 05,139,14,29.81,94.43,4050,-121,-126,4,2018,,,,,-232,2,-236,2,-229,4,-230,2,-232,0,,
Aichner et al 2010,LC 10,140,15,29.65,96.72,4431,-111,-122,7,2018,,,,,-197,1,-192,4,-186,4,-193,2,-220,6,,
Aichner et al 2010,SET 16,141,16,25.92,100.12,1967,-70,-73,2,2018,,,,,-172,2,-172,3,-168,2,-172,1,-178,8,,
Guenther et al 2013,NC,142,1,30.5,90.6,4718,-130.3,-139,4,2018,,,-216.3,6.7,-173.3,5.9,-189.5,6.7,-213.5,29.7,-221.4,12.7,-189.4,14.2,,
Guenther et al 2013,TRC,143,2,30.75,86.38,4549,-107.3,-112,6,2018,,,-224.5,4.2,-183.7,8,-176.7,5.3,-173.4,7.1,-211.2,8.8,-204.8,11,,
Guenther et al 2013,TC,144,3,31.05,83.92,4570,-91.3,-103,3,2018,,,-231.9,3,-192,4.6,-199,3.9,-226.4,4.5,-219.1,6.6,-207.9,4.8,,
Guenther et al 2013,KYC,145,4,30.6,82.05,4798,-87.3,-109,10,2018,,,-212.3,6.6,-181.8,3,-207.1,6.9,-156.6,4.2,-238.7,9.7,-220.4,4.3,,
Guenther et al 2013,LMC,146,5,34.58,80.35,5030,-71.7,-97,19,2018,,,-71.6,0,-79.8,6.9,-176.3,10.4,-173.6,4.5,-209.2,4.6,-194.8,3,,
Guenther et al 2013,SXC,147,6,34.58,80.2,5070,-71.7,-98,19,2018,,,-345.7,8.8,-135,12.1,-158.5,5,-148.1,8.8,-196.5,10.8,-191.6,8.1,,
Xia et al 2008,QY,148,1,28.89,90.22,4855,-128.7,-135,2,2018,-135,,,,,,-183,9,-186,7,-199,9,-214,10,,
Xia et al 2008,YZY,149,2,29.03,90.47,4445,-124.3,-129,0,2018,-107,,,,,,-180,5,-173,15,-187,6,-189,5,,
Xia et al 2008,NC,150,3,30.64,90.6,4718,-130.3,-139,4,2018,-64,,,,,,-209,4,-201,26,-246,9,-243,15,,
Xia et al 2008,KLK,151,4,37.28,96.88,2812,-15.3,-36,1,2018,-36,,,,,,-104,7,-116,22,-126,8,-131,5,,
Xia et al 2008,XQ,152,5,37.47,95.49,3163,-23,-43,4,2018,-22,,,,,,-118,11,-124,13,-139,7,-138,8,,
Mugler et al 2008,Tibet_ave (NC),153,1,30.64,90.6,4718,-130.3,-139,4,2018,-71,,-207,21,-176,18.7,-187.3,35.8,-175,40.3,-246,36.4,-232.3,25.2,,
Mugler et al 2008,Tibet 4 (CJ),154,2,30.9,90.87,4718,-130.3,-139,4,2018,-87,,-222,8,-190,1,-217,6,-202,14,-255,3,-230,12,,
Mugler et al 2008,HZM,155,3,50.12,6.88,425,-27,-56,2,2018,-47,,,,-225,6,,,,,-198,1,,,,
Duan et al 2011,Lake Qinghai,156,1,37,100,3193,-35,-53,5,2018,,,-160,31.2,-168,19.5,-169,14.6,-163,12.7,-157,8.8,-163,13.6,,
Garcin et al 2012,MORA,157,1,11.05,14.15,438,-12,-23,3,2018,12.4,0.6,,,,,,,,,-170,3,-160,5,,
Garcin et al 2012,RHUM,158,2,10.51,13.58,1028,-19.7,-33,5,2018,-0.7,0.8,,,,,,,,,-167,3,-174,4,,
Garcin et al 2012,MAMG,159,3,8.39,13.71,322,-13,-22,10,2018,5.6,0.6,,,,,,,,,-156,8,-160,5,,
Garcin et al 2012,TIZO,160,4,7.25,13.58,1155,-20.7,-27,4,2018,22.8,0,,,,,,,,,-155,1,-148,9,,
Garcin et al 2012,TABE,161,5,7.13,13.69,1161,-20.3,-26,5,2018,11.4,0.5,,,,,,,,,-167,1,-158,5,,
Garcin et al 2012,ASSO,162,6,6.62,12.98,896,-17.3,-22,8,2018,-4.7,0.8,,,,,,,,,-154,3,-174,3,,
Garcin et al 2012,BALE,163,7,5.55,10.42,1376,-23.3,-32,9,2018,0.6,0.6,,,,,,,,,-150,1,-141,10,,
Garcin et al 2012,MANE,164,8,5.04,9.83,1911,-28.7,-41,10,2018,-6.1,0.3,,,,,,,,,-185,4,-178,8,,
Garcin et al 2012,BARO,165,9,4.65,9.41,304,-12.3,-17,3,2018,2.2,0,,,,,,,,,-164,1,-166,4,,
Garcin et al 2012,DEBU,166,10,4.1,8.98,70,-9.7,-14,0,2018,-8.7,0.7,,,,,,,,,-153,5,-169,2,,
Garcin et al 2012,OSSA,167,11,3.77,10,17,-9,-14,1,2018,-11.9,0.7,,,,,,,,,-147,4,-150,7,,
Freimuth et al 2019a,BLB,168,1,40.68,-82.06,291,-17,-50,2,2019,,,,,,,,,,,-176,3,-169,3,,
Freimuth et al 2019b,Chazy,169,1,44.73,-73.82,466,-38.3,-76,1,2019,,,,,,,,,-188,,-188,,-179,,,
Freimuth et al 2019b,Debar,170,2,44.62,-74.19,483,-38,-76,1,2019,,,,,,,,,-195,,-196,,-179,,,
Freimuth et al 2019b,East Pine,171,3,44.34,-74.41,513,-37.3,-75,1,2019,,,,,,,,,-199,,-193,,-180,,,
Freimuth et al 2019b,Heart,172,4,44.18,-73.97,665,-38.3,-75,1,2019,,,,,,,,,-187,,-186,,-174,,,
Freimuth et al 2019b,Hope,173,5,44.51,-74.13,523,-38,-76,1,2019,,,,,,,,,-202,,-190,,-176,,,
Freimuth et al 2019b,Horseshoe,174,6,44.14,-74.62,524,-36.3,-74,1,2019,,,,,,,,,-187,,-188,,-176,,,
Freimuth et al 2019b,Little Green,175,7,44.36,-74.3,521,-37.3,-75,1,2019,,,,,,,,,-189,,-190,,-179,,,
Freimuth et al 2019b,Moose,176,8,44.37,-74.06,475,-37.3,-74,1,2019,,,,,,,,,-194,,-190,,-176,,,
Freimuth et al 2019b,Quiver,177,9,43.74,-74.87,539,-34,-72,1,2019,,,,,,,,,-181,,-179,,-176,,,
Freimuth et al 2019b,Raquette,178,10,44.23,-74.47,470,-36.3,-74,1,2019,,,,,,,,,-189,,-186,,-167,,,
Freimuth et al 2019b,Sucker,179,11,44.18,-75.12,426,-35.7,-74,1,2019,,,,,,,,,-200,,-197,,-181,,,
Freimuth et al 2019b,Wolf,180,12,44.02,-74.22,558,-36.3,-73,1,2019,,,,,,,,,-184,,-179,,-168,,,
Seki et al 2010,Lake Shumarinai,181,1,44.33,,285,-34,-56,3,2019,,,,,,,,,,,,,,,,
Leider et al 2013,Lago di Bomba,182,1,42.01,14.36,269,-10,-38,1,2018,,,,,,,,,,,-156,3.9,-147,,,
Leider et al 2013,Lago Aimini Grande,183,2,40.2,18.45,0,-7,-36,2,2018,,,,,,,,,,,-159,2.6,-146,,,
Leider et al 2013,Lago di Monticchio,184,3,40.93,15.6,659,-15,-48,1,2018,,,,,,,,,,,-170,0.7,,,,
Nelson et al 2018,Baldegg,185,1,47.2,8.26,463,-32,-66,2,2018,-61.6,1.9,,,,,,,-176.1,,-199.7,,-197.6,,,
Nelson et al 2018,Brienz,186,2,46.73,7.97,563,-32,-67,2,2018,-94.1,1.4,,,,,,,,,,,,,,
Nelson et al 2018,Greifen,187,3,47.35,8.67,439,-32.7,-66,2,2018,-67.7,2.8,,,,,,,-175.5,,-193.2,,-190.5,,,
Nelson et al 2018,Inkwil,188,4,47.2,7.66,461,-31.3,-65,1,2018,-72.1,3.1,,,,,,,,,,,,,,
Nelson et al 2018,Lucerne,189,5,47.01,8.35,431,-31.7,-66,2,2018,-65.1,2.2,,,,,,,,,,,,,,
Nelson et al 2018,Mauen,190,6,47.17,8.08,504,-32.3,-67,1,2018,-79.8,1.8,,,,,−178.7,,-188.2,,-200.2,,-196.1,,,
Nelson et al 2018,Rot,191,7,47.07,8.31,419,-31.7,-65,2,2018,-81.8,1.5,,,,,−172.4,,-186.4,,-200,,-196.9,,,
Nelson et al 2018,Sarnen,192,8,46.87,8.22,469,-31.7,-66,3,2018,-57.4,1.9,,,-109.7,,−118.2,,-132.7,,-142.4,,-197.6,,,
Nelson et al 2018,Soppen,193,9,47.09,8.08,596,-33.3,-68,1,2018,-89.6,1.5,,,,,,,-186.5,,-200.6,,-197.6,,,
Nelson et al 2018,Thun,194,10,46.7,7.67,558,-31.3,-66,2,2018,-83.9,1.7,,,,,,,,,,,,,,